{"cameraMode":{"drawMode":0,"name":"Shaded","section":"Shading Mode"},"sceneLighting":true,"audioPlay":false,"sceneViewState":{"showFog":true,"showMaterialUpdate":false,"showSkybox":true,"showFlares":true,"showImageEffects":true,"showParticleSystems":true,"showVisualEffectGraphs":true,"m_FxEnabled":true},"in2DMode":false,"pivot":{"x":3.951253890991211,"y":-7.060945987701416,"z":23.693283081054689},"rotation":{"x":0.025003407150506974,"y":0.9601565003395081,"z":-0.26295244693756106,"w":0.0912967324256897},"size":57.455142974853519,"orthographic":false}