{"cameraMode":{"drawMode":0,"name":"Shaded","section":"Shading Mode"},"sceneLighting":true,"audioPlay":false,"sceneViewState":{"showFog":true,"showMaterialUpdate":false,"showSkybox":false,"showFlares":true,"showImageEffects":true,"showParticleSystems":true,"showVisualEffectGraphs":true,"m_FxEnabled":true},"in2DMode":false,"pivot":{"x":598.8206176757813,"y":112.15946960449219,"z":86.20474243164063},"rotation":{"x":-0.07782548666000366,"y":0.049329452216625217,"z":0.003855575807392597,"w":0.9957391619682312},"size":262.2064514160156,"orthographic":false}