{"cameraMode":{"drawMode":0,"name":"Shaded","section":"Shading Mode"},"sceneLighting":true,"audioPlay":false,"sceneViewState":{"showFog":true,"showMaterialUpdate":false,"showSkybox":true,"showFlares":true,"showImageEffects":true,"showParticleSystems":true,"showVisualEffectGraphs":true,"m_FxEnabled":true},"in2DMode":false,"pivot":{"x":370.2388610839844,"y":229.53086853027345,"z":-3.14776611328125},"rotation":{"x":-0.014999284408986569,"y":-0.004499468021094799,"z":-0.00006749694875907153,"w":0.9998770952224731},"size":276.2468566894531,"orthographic":true}