{"cameraMode":{"drawMode":0,"name":"Shaded","section":"Shading Mode"},"sceneLighting":true,"audioPlay":false,"sceneViewState":{"showFog":true,"showMaterialUpdate":false,"showSkybox":true,"showFlares":true,"showImageEffects":true,"showParticleSystems":true,"showVisualEffectGraphs":true,"m_FxEnabled":true},"in2DMode":false,"pivot":{"x":7.095586776733398,"y":180.24656677246095,"z":108.56846618652344},"rotation":{"x":0.3992328941822052,"y":-0.007691991049796343,"z":-0.0033718168269842865,"w":-0.9168257713317871},"size":121.56798553466797,"orthographic":false}